<?xml version="1.0" encoding="utf-8"?>
<xd:acceleratorMap xmlns:xd="http://www.xilinx.com/xidane" xd:functionName="convertToStream" xd:componentRef="convertToStream" xd:initiationInterval="1" xd:clockPeriod="16.670" xd:sequential="true" xd:hostMachine="64" xd:reset="control">
  <xd:controlReg xd:name="control" xd:interfaceRef="ap_ctrl" xd:busTypeRef="acc_handshake" xd:type="acc_handshake"/>
  <xd:arg xd:name="dataReady" xd:originalName="dataReady" xd:direction="in" xd:interfaceRef="dataReady_V" xd:busTypeRef="register" xd:handshakeRef="ap_none" xd:dataWidth="1"/>
  <xd:arg xd:name="dataValid" xd:originalName="dataValid" xd:direction="in" xd:interfaceRef="dataValid_V" xd:busTypeRef="register" xd:handshakeRef="ap_none" xd:dataWidth="1"/>
  <xd:arg xd:name="dataToCheck" xd:originalName="dataToCheck" xd:direction="in" xd:interfaceRef="dataToCheck_V" xd:busTypeRef="register" xd:handshakeRef="ap_none" xd:dataWidth="8"/>
  <xd:arg xd:name="evUSBStreamOut" xd:originalName="evUSBStreamOut" xd:direction="out" xd:interfaceRef="evUSBStreamOut_V_V" xd:busTypeRef="axis" xd:dataWidth="8"/>
  <xd:arg xd:name="*(eventFIFODVReg)" xd:originalName="eventFIFODVReg" xd:direction="out" xd:interfaceRef="eventFIFODVReg_V" xd:busTypeRef="register" xd:handshakeRef="ap_none" xd:dataWidth="1" xd:firstOut="2"/>
  <xd:latencyEstimates xd:best-case="2" xd:worst-case="2" xd:average-case="2"/>
  <xd:resourceEstimates xd:LUT="57" xd:FF="33" xd:BRAM="0" xd:DSP="0"/>
</xd:acceleratorMap>
