<?xml version="1.0" encoding="utf-8"?>
<xd:acceleratorMap xmlns:xd="http://www.xilinx.com/xidane" xd:functionName="eventStreamToConstEncntFrameStream" xd:componentRef="eventStreamToConstEncntFrameStream" xd:initiationInterval="1" xd:clockPeriod="10.000" xd:sequential="true" xd:hostMachine="64" xd:reset="control">
  <xd:controlReg xd:name="control" xd:interfaceRef="ap_ctrl" xd:busTypeRef="acc_handshake" xd:type="acc_handshake"/>
  <xd:arg xd:name="xStream" xd:originalName="xStream" xd:direction="in" xd:interfaceRef="xStream_V_V" xd:busTypeRef="axis" xd:dataWidth="16"/>
  <xd:arg xd:name="yStream" xd:originalName="yStream" xd:direction="in" xd:interfaceRef="yStream_V_V" xd:busTypeRef="axis" xd:dataWidth="16"/>
  <xd:arg xd:name="polStream" xd:originalName="polStream" xd:direction="in" xd:interfaceRef="polStream_V_V" xd:busTypeRef="axis" xd:dataWidth="1"/>
  <xd:arg xd:name="tsStream" xd:originalName="tsStream" xd:direction="in" xd:interfaceRef="tsStream_V_V" xd:busTypeRef="axis" xd:dataWidth="32"/>
  <xd:arg xd:name="custDataStream" xd:originalName="custDataStream" xd:direction="in" xd:interfaceRef="custDataStream_V_V" xd:busTypeRef="axis" xd:dataWidth="8"/>
  <xd:arg xd:name="configRegs" xd:originalName="configRegs" xd:direction="in" xd:interfaceRef="s_axi_config" xd:busTypeRef="axilite" xd:offset="0x10" xd:handshakeRef="ap_none" xd:dataWidth="16"/>
  <xd:arg xd:name="ctrl" xd:originalName="ctrl" xd:direction="in" xd:interfaceRef="s_axi_config" xd:busTypeRef="axilite" xd:offset="0x18" xd:handshakeRef="ap_none" xd:dataWidth="32"/>
  <xd:arg xd:name="*(count)" xd:originalName="count" xd:direction="out" xd:interfaceRef="count_V" xd:busTypeRef="register" xd:handshakeRef="ap_vld" xd:dataWidth="64" xd:firstOut="6"/>
  <xd:arg xd:name="*(vgaEn)" xd:originalName="vgaEn" xd:direction="out" xd:interfaceRef="vgaEn_V" xd:busTypeRef="register" xd:handshakeRef="ap_vld" xd:dataWidth="1" xd:firstOut="6"/>
  <xd:arg xd:name="*(vCnt)" xd:originalName="vCnt" xd:direction="out" xd:interfaceRef="vCnt_V" xd:busTypeRef="register" xd:handshakeRef="ap_vld" xd:dataWidth="16" xd:firstOut="6"/>
  <xd:arg xd:name="*(hCnt)" xd:originalName="hCnt" xd:direction="out" xd:interfaceRef="hCnt_V" xd:busTypeRef="register" xd:handshakeRef="ap_vld" xd:dataWidth="16" xd:firstOut="6"/>
  <xd:arg xd:name="*(regX)" xd:originalName="regX" xd:direction="out" xd:interfaceRef="regX_V" xd:busTypeRef="register" xd:handshakeRef="ap_vld" xd:dataWidth="16" xd:firstOut="6"/>
  <xd:arg xd:name="*(regY)" xd:originalName="regY" xd:direction="out" xd:interfaceRef="regY_V" xd:busTypeRef="register" xd:handshakeRef="ap_vld" xd:dataWidth="16" xd:firstOut="6"/>
  <xd:arg xd:name="*(polReg)" xd:originalName="polReg" xd:direction="out" xd:interfaceRef="polReg_V" xd:busTypeRef="register" xd:handshakeRef="ap_vld" xd:dataWidth="1" xd:firstOut="6"/>
  <xd:arg xd:name="*(skipFlgOutput)" xd:originalName="skipFlgOutput" xd:direction="out" xd:interfaceRef="skipFlgOutput_V" xd:busTypeRef="register" xd:handshakeRef="ap_vld" xd:dataWidth="1" xd:firstOut="6"/>
  <xd:arg xd:name="*(tsReg)" xd:originalName="tsReg" xd:direction="out" xd:interfaceRef="tsReg_V" xd:busTypeRef="register" xd:handshakeRef="ap_vld" xd:dataWidth="32" xd:firstOut="6"/>
  <xd:arg xd:name="frameStream.data" xd:originalName="frameStream" xd:direction="out" xd:interfaceRef="frameStream" xd:busTypeRef="axis" xd:dataWidth="24"/>
  <xd:arg xd:name="frameStream.keep" xd:originalName="frameStream" xd:direction="out" xd:interfaceRef="frameStream" xd:busTypeRef="axis" xd:dataWidth="3"/>
  <xd:arg xd:name="frameStream.strb" xd:originalName="frameStream" xd:direction="out" xd:interfaceRef="frameStream" xd:busTypeRef="axis" xd:dataWidth="3"/>
  <xd:arg xd:name="frameStream.user" xd:originalName="frameStream" xd:direction="out" xd:interfaceRef="frameStream" xd:busTypeRef="axis" xd:dataWidth="2"/>
  <xd:arg xd:name="frameStream.last" xd:originalName="frameStream" xd:direction="out" xd:interfaceRef="frameStream" xd:busTypeRef="axis" xd:dataWidth="1"/>
  <xd:arg xd:name="frameStream.id" xd:originalName="frameStream" xd:direction="out" xd:interfaceRef="frameStream" xd:busTypeRef="axis" xd:dataWidth="1"/>
  <xd:arg xd:name="frameStream.dest" xd:originalName="frameStream" xd:direction="out" xd:interfaceRef="frameStream" xd:busTypeRef="axis" xd:dataWidth="1"/>
  <xd:latencyEstimates xd:best-case="6" xd:worst-case="6" xd:average-case="6"/>
  <xd:resourceEstimates xd:LUT="1955" xd:FF="4014" xd:BRAM="228" xd:DSP="1"/>
</xd:acceleratorMap>
